"Refs","Value","Footprint","MPN","Qty","DNP","Note"
"C4","10n","Capacitor_SMD:C_0402_1005Metric","","1","",""
"C5,C100-C123","2.2u 100V","Capacitor_SMD:C_1206_3216Metric","TDK C3216X7S2A225K160AB","25","","DC-link row, 12 top + 12 bottom as on MD80"
"C6,C22,C26,C30,C42","100n 100V","Capacitor_SMD:C_0603_1608Metric","Murata GRM188R72A104KA35D","5","","Place across HS drain / LS source,VDRAIN local"
"C7","2.2n","Capacitor_SMD:C_0402_1005Metric","","1","",""
"C8","3.3n","Capacitor_SMD:C_0402_1005Metric","","1","",""
"C9","56p","Capacitor_SMD:C_0402_1005Metric","","1","",""
"C10","22u 25V","Capacitor_SMD:C_1210_3225Metric","Taiyo Yuden TMK325B7226KMHT","1","",""
"C11,C44,C45","1u 25V","Capacitor_SMD:C_0603_1608Metric","","3","",""
"C12,C40","10u 25V","Capacitor_SMD:C_0805_2012Metric","","2","",""
"C13","22u 10V","Capacitor_SMD:C_0805_2012Metric","","1","",""
"C14,C16,C46,C65,C73","1u","Capacitor_SMD:C_0402_1005Metric","","5","","VDDA"
"C15","2.2u","Capacitor_SMD:C_0603_1608Metric","","1","",""
"C17,C32,C47,C60-C63,C66,C67,C70-C72,C74,C75","100n","Capacitor_SMD:C_0402_1005Metric","","14","","VBAT,VREF,VREF+"
"C23,C27,C31","2.2n 100V","Capacitor_SMD:C_0603_1608Metric","","3","DNP",""
"C41","100n 25V","Capacitor_SMD:C_0402_1005Metric","","1","",""
"C43","47n 100V","Capacitor_SMD:C_0603_1608Metric","Murata GRM188R72A473KA01D (verify)","1","",""
"C48-C50","470p","Capacitor_SMD:C_0402_1005Metric","","3","","CSA output filter, at MCU pin"
"C64","4.7u","Capacitor_SMD:C_0603_1608Metric","","1","",""
"C68,C69","10p","Capacitor_SMD:C_0402_1005Metric","","2","",""
"D1","5.0SMDJ60A","Diode_SMD:D_SMC","Littelfuse 5.0SMDJ60A","1","","5 kW TVS, VRWM 60 V, VC 96.8 V @ 51.6 A; sized by sim/bus_surge.py"
"D60","Green","LED_SMD:LED_0603_1608Metric","Kingbright APTD1608LZGCK","1","",""
"D61","Red","LED_SMD:LED_0603_1608Metric","Kingbright APTD1608LSURCK","1","",""
"D70","PESD2CAN","Package_TO_SOT_SMD:SOT-23","Nexperia PESD2CAN,215","1","",""
"FB1","BLM18PG221","Inductor_SMD:L_0603_1608Metric","Murata BLM18PG221SN1D","1","",""
"J1,J2","Micro-Fit 2x3","better_md80:MD80_MicroFit_2x03_RA","Molex 43045-0600 (R/A, 2x3)","2","","Power + CAN daisy-chain, MD80 position; pinout see docs/mechanical.md"
"J3","AUX1 SPI enc","Connector_Molex:Molex_PicoBlade_53048-0610_1x06_P1.25mm_Horizontal","Molex 53048-0650","1","","MD80 AUX1 pinout"
"J4","AUX2 RS422","Connector_Molex:Molex_PicoBlade_53048-0810_1x08_P1.25mm_Horizontal","Molex 53048-0850","1","","MD80 AUX2 pinout"
"J5","Motor NTC","better_md80:MD80_NTC_Pads","","1","","Solder pads for MAB motor thermistor"
"J6","TC2030-NL","Connector:Tag-Connect_TC2030-IDC-NL_2x03_P1.27mm_Vertical","","1","",""
"J10","Phase A","better_md80:MD80_Phase_Pad","","1","","Motor lead solder pad"
"J11","Phase B","better_md80:MD80_Phase_Pad","","1","","Motor lead solder pad"
"J12","Phase C","better_md80:MD80_Phase_Pad","","1","","Motor lead solder pad"
"K1","CPC1017N","Package_SO:SOP-4_3.8x4.1mm_P2.54mm","IXYS CPC1017NTR","1","","Software termination switch (60 V PhotoMOS)"
"L1","47u","Inductor_SMD:L_Bourns-SRN4018","Bourns SRN4018-470M (verify Isat)","1","",""
"L2","2.2u","Inductor_SMD:L_1008_2520Metric","Murata DFE252012F-2R2M","1","",""
"MECH1","MD80 v3 holes","better_md80:MD80_V3_Mechanical","","1","","4x M2.5 holes + Micro-Fit peg holes at MD80 v3.0 coordinates"
"Q1-Q6","ISC022N10NM6","Package_TO_SOT_SMD:TDSON-8-1","Infineon ISC022N10NM6ATMA1","6","","100 V, 2.2 mOhm, SuperSO8"
"R1,R3","100k","Resistor_SMD:R_0603_1608Metric","","2","","UVLO on ~10.8 V,VBUS divider 20.6:1, 68 V -> 3.30 V"
"R2","5.1k","Resistor_SMD:R_0402_1005Metric","","1","",""
"R4","16.2k","Resistor_SMD:R_0402_1005Metric","","1","",""
"R5","75k","Resistor_SMD:R_0402_1005Metric","","1","","fsw = 12*2500/75k = 400 kHz"
"R6","453k","Resistor_SMD:R_0402_1005Metric","","1","","Vout = 1.2*(1+453/49.9) = 12.1 V"
"R7","49.9k","Resistor_SMD:R_0402_1005Metric","","1","",""
"R8","453k","Resistor_SMD:R_0603_1608Metric","","1","","Ripple injection (Type 3), per LM5164 EVM"
"R20-R25,R81","0","Resistor_SMD:R_0402_1005Metric","","7","","3.3 V mode: VDD3V3 tied to VDD,Gate resistor, tune for ringing"
"R30-R32","2.2","Resistor_SMD:R_1206_3216Metric","","3","DNP","RC snubber; fit on first boards (sim/double_pulse.py), 0.3 W"
"R33,R40,R41,R60,R79","10k","Resistor_SMD:R_0402_1005Metric","","5","",""
"R42","100k","Resistor_SMD:R_0402_1005Metric","","1","",""
"R61,R62,R80","1k","Resistor_SMD:R_0402_1005Metric","","3","",""
"R70","680","Resistor_SMD:R_0402_1005Metric","","1","",""
"R71,R76","120","Resistor_SMD:R_0603_1608Metric","","2","","RX termination"
"R72-R75","33","Resistor_SMD:R_0402_1005Metric","","4","",""
"R77,R78","100","Resistor_SMD:R_0402_1005Metric","","2","",""
"RS1,RS3","0.5m","Resistor_SMD:R_Shunt_Vishay_WSK2512_6332Metric_T2.66mm","Vishay WSK2512 0.5 mOhm 1% (verify)","2","","Kelvin 4-terminal, top side between the FETs"
"TH1","10k NTC","Resistor_SMD:R_0603_1608Metric","Murata NCP18XH103F03RB","1","","Place between phase B FETs"
"U1","LM5164DDAR","Package_SO:Texas_HSOP-8-1EP_3.9x4.9mm_P1.27mm","TI LM5164DDAR","1","","100 V, 1 A COT sync buck; 12 V rail for gate drive"
"U2","TPS62163DSGR","Package_SON:Texas_DSG0008A_WSON-8-1EP_2x2mm_P0.5mm_EP0.9x1.6mm","TI TPS62163DSGR","1","","Fixed 5.0 V, 1 A; FB tied to GND for fixed version"
"U3","TLV75533PDBVR","Package_TO_SOT_SMD:SOT-23-5","TI TLV75533PDBVR","1","",""
"U4","DRV8353SRTAR","Package_DFN_QFN:Texas_RHA0040B_VQFN-40-1EP_6x6mm_P0.5mm_EP4.15x4.15mm","TI DRV8353SRTAR","1","","VM from 12 V rail so gate-drive losses do not scale with VBUS"
"U5","STM32G474CEU6","Package_DFN_QFN:QFN-48-1EP_7x7mm_P0.5mm_EP5.6x5.6mm","ST STM32G474CEU6","1","","170 MHz M4F, HRTIM, FDCAN, 5x ADC"
"U6","TCAN1044AVDR","Package_SO:SOIC-8_3.9x4.9mm_P1.27mm","TI TCAN1044AVDR","1","","8 Mbit/s CAN-FD, VIO 3.3 V; TJA1051T/3 pinout"
"U7","AS5047P-ATSM","Package_SO:TSSOP-14_4.4x5mm_P0.65mm","ams OSRAM AS5047P-ATSM","1","","14-bit on-axis encoder, bottom side at rotation axis, same TSSOP-14 height as MD80"
"U8","MAX3490EESA+","Package_SO:SOIC-8_3.9x4.9mm_P1.27mm","Analog MAX3490EESA+","1","","Full-duplex RS-422 for AksIM-2 / Orbis"
"Y1","8MHz","Crystal:Crystal_SMD_3225-4Pin_3.2x2.5mm","Abracon ABM8-8.000MHZ-B2-T (verify CL)","1","","HSE for FDCAN bit timing at 8 Mbit/s"
